Workbook

Sheet 设计基准
A1: 宝可梦怪物 · 攻击模式与数值设计基准
A2: 换算口径参照 Slay the Spire 2 的怪物实现（src/Core/Models/Monsters）与上表已有的生命值 / 防御 / 攻击三列。
A4: ① 攻击与防御 → 招式数值的换算系数
A5: 类别 | B5: 轻击系数 | C5: 中击系数 | D5: 重击系数 | E5: 格挡系数 | F5: 适用范围
A6: 普通 | B6: 0.16 | C6: 0.24 | D6: 0.34 | E6: 0.22 | F6: 种族值总和 ≤ 505（怪力）的怪物
A7: 精英 | B7: 0.2 | C7: 0.3 | D7: 0.4 | E7: 0.26 | F7: 种族值总和 > 505（怪力）的怪物，按精英数值设计
A9: ② 公式（总览表与招式表均以公式引用本页系数，改系数会连动全表）
A10: 轻击伤害 | B10: 攻击 × 轻击系数 | F10: 每回合都能打的小招
A11: 中击伤害 | B11: 攻击 × 中击系数 | F11: 主力输出招
A12: 重击伤害 | B12: 攻击 × 重击系数 | F12: 大招 / 爆发，通常放在循环末尾
A13: 多段伤害 | B13: 每段 = 中击 ÷ 段数，总伤害 ≈ 中击 | F13: 用于克制单次大格挡
A15: ③ STS2 原作数值参照（以下为源码中实际读到的数字，用于校准本表的档位）
A16: 分类 | B16: 生命区间 | C16: 单次攻击伤害 | D16: 多段攻击 | E16: 格挡 | F16: 强化（力量） | G16: 状态牌 | H16: 代表怪物
A17: 前期弱怪 | B17: 7 – 30 | C17: 3 – 9 | D17: 3 × 2 | E17: — | F17: +2 | G17: — | H17: CorpseSlug / Inklet / SneakyGremlin
A18: 普通怪 | B18: 30 – 70 | C18: 8 – 13 | D18: 8 × 2 | E18: 5 – 6 | F18: +2 | G18: 3 张 | H18: Nibbit / Chomper / GremlinMerc
A19: 高阶普通怪 | B19: 70 – 130 | C19: 15 – 19 | D19: 5 × 4 | E19: 6 | F19: +2 – +3 | G19: 3 张 | H19: SpinyToad / MagiKnight / Mawler
A20: 精英（前期） | B20: 100 – 170 | C20: 15 – 20 | D20: 7 – 10 × 2 – 3 | E20: 20 – 22 | F20: +2 – +3 | G20: 3 – 4 张 | H20: FlailKnight / TerrorEel / InfestedPrism / Entomancer
A21: 精英（后期） | B21: 230 – 320 | C21: 25 – 40 | D21: 6 × 4 | E21: 15 | F21: +3 – +5 | G21: 4 张 | H21: SoulNexus / MechaKnight
A22: Boss | B22: 220 – 420 | C22: 15 – 40 | D22: 3 – 5 × 5 | E22: 15 | F22: +2 – +4 | G22: 4 张 | H22: CeremonialBeast / Queen / WaterfallGiant
A23: 本表精英落点 | B23: 213 – 290 | C23: 26 – 52 | D23: 9 – 18 × 2 – 3 | E23: 21 – 32 | F23: +3 – +4 | G23: 2 – 3 张 | H23: 喷火龙 – 伊裴尔塔尔
A25: ④ 精英判定与设计约定
A26: 精英门槛 | B26: 种族值总和 > 505 | F26: 怪力的种族值总和为 505，它本身仍按普通怪处理
A27: 精英名单 | B27: 喷火龙 534 / 闪电鸟 580 / 巨金怪 600 / 基格尔德 600 / 凤王 680 / 哲尔尼亚斯 680 / 伊裤尔塔尔 680 | F27: 共 7 只
A28: 生命取值 | B28: 沿用名单表已有的「敌怪生命值」 | F28: 精英的强度通过招式倍率、多段、自身强化与穿透机制体现
A29: 数值对比 | B29: 怪力重击 33 → 喷火龙重击 38 → 伊裤尔塔尔重击 52 | F29: 精英重击明显高于怪力，符合「按精英数值设计」
A30: 固定伤害 / 穿透 | B30: 对付大岩蛇（格挡 22）、巨金怪（格挡 29）、凤王（格挡 32）的主要解法 | F30: 这三只的格挡高于同档怪物
A31: 沿用你的增益表 | B31: 涅槃（凤王）、壁垒（哲尔尼亚斯）、带电（闪电鸟） | F31: 直接挂你表里已有的增益名称

Sheet 怪物总览
A1: 怪物总览（共 37 只；轻击 / 中击 / 重击 / 格挡 为公式推导）
A3: Name | B3: 译名 | C3: 属性 | D3: 威胁等级 | E3: 类别 | F3: 定位 | G3: 生命值 | H3: 防御 | I3: 攻击 | J3: 随从生命值 | K3: 轻击 | L3: 中击 | M3: 重击 | N3: 格挡 | O3: 意图（行动循环） | P3: 特殊机制
A4: caterpie | B4: 绿毛虫 | C4: Bug | D4: 1 | E4: 普通 | F4: 干扰型 | G4: 160 | H4: 27 | I4: 25 | J4: 32 | K4: =ROUND(I4*IF($E4="精英",设计基准!$B$7,设计基准!$B$6),0) -> 4 | L4: =ROUND(I4*IF($E4="精英",设计基准!$C$7,设计基准!$C$6),0) -> 6 | M4: =ROUND(I4*IF($E4="精英",设计基准!$D$7,设计基准!$D$6),0) -> 9 | N4: =ROUND(H4*IF($E4="精英",设计基准!$E$7,设计基准!$E$6),0) -> 6 | O4: 削弱 → 轻击 → 防御 → 重击（循环）
A5: bounsweet | B5: 甜竹竹 | C5: Grass | D5: 1 | E5: 普通 | F5: 强化型 | G5: 155.2 | H5: 38 | I5: 30 | J5: 31 | K5: =ROUND(I5*IF($E5="精英",设计基准!$B$7,设计基准!$B$6),0) -> 5 | L5: =ROUND(I5*IF($E5="精英",设计基准!$C$7,设计基准!$C$6),0) -> 7 | M5: =ROUND(I5*IF($E5="精英",设计基准!$D$7,设计基准!$D$6),0) -> 10 | N5: =ROUND(H5*IF($E5="精英",设计基准!$E$7,设计基准!$E$6),0) -> 8 | O5: 强化 → 轻击 → 防御 （循环）
A6: bunnelby | B6: 掘掘兔 | C6: Normal | D6: 1 | E6: 普通 | F6: 干扰速攻 | G6: 148.8 | H6: 37 | I6: 34 | J6: 29 | K6: =ROUND(I6*IF($E6="精英",设计基准!$B$7,设计基准!$B$6),0) -> 5 | L6: =ROUND(I6*IF($E6="精英",设计基准!$C$7,设计基准!$C$6),0) -> 8 | M6: =ROUND(I6*IF($E6="精英",设计基准!$D$7,设计基准!$D$6),0) -> 12 | N6: =ROUND(H6*IF($E6="精英",设计基准!$E$7,设计基准!$E$6),0) -> 8 | O6: 削弱轻击 → 重击 → 防御 → 2段轻击（循环）
A7: mareep | B7: 咩利羊 | C7: Electric | D7: 1 | E7: 普通 | F7: 蓄力爆发 | G7: 176 | H7: 42 | I7: 52 | J7: 35 | K7: =ROUND(I7*IF($E7="精英",设计基准!$B$7,设计基准!$B$6),0) -> 8 | L7: =ROUND(I7*IF($E7="精英",设计基准!$C$7,设计基准!$C$6),0) -> 12 | M7: =ROUND(I7*IF($E7="精英",设计基准!$D$7,设计基准!$D$6),0) -> 18 | N7: =ROUND(H7*IF($E7="精英",设计基准!$E$7,设计基准!$E$6),0) -> 9 | O7: 强化 → 强化→ 防御 → 重击（循环）
A8: bellsprout | B8: 喇叭芽 | C8: Grass / Poison | D8: 2 | E8: 普通 | F8: 毒干扰 | G8: 168 | H8: 32 | I8: 72 | J8: 33 | K8: =ROUND(I8*IF($E8="精英",设计基准!$B$7,设计基准!$B$6),0) -> 12 | L8: =ROUND(I8*IF($E8="精英",设计基准!$C$7,设计基准!$C$6),0) -> 17 | M8: =ROUND(I8*IF($E8="精英",设计基准!$D$7,设计基准!$D$6),0) -> 24 | N8: =ROUND(H8*IF($E8="精英",设计基准!$E$7,设计基准!$E$6),0) -> 7 | O8: 第一回合施加中毒 ，然后改为 轻击 → 防御→ 中击（循环）
A9: geodude | B9: 小拳石 | C9: Rock / Ground | D9: 2 | E9: 普通 | F9: 坦克自爆 | G9: 152 | H9: 65 | I9: 55 | J9: 30 | K9: =ROUND(I9*IF($E9="精英",设计基准!$B$7,设计基准!$B$6),0) -> 9 | L9: =ROUND(I9*IF($E9="精英",设计基准!$C$7,设计基准!$C$6),0) -> 13 | M9: =ROUND(I9*IF($E9="精英",设计基准!$D$7,设计基准!$D$6),0) -> 19 | N9: =ROUND(H9*IF($E9="精英",设计基准!$E$7,设计基准!$E$6),0) -> 14 | O9: 防御 → 中击循环；残血改为自爆
A10: goomy | B10: 黏黏宝 | C10: Dragon | D10: 2 | E10: 普通 | F10: 吸血坦克 | G10: 160 | H10: 55 | I10: 52 | J10: 32 | K10: =ROUND(I10*IF($E10="精英",设计基准!$B$7,设计基准!$B$6),0) -> 8 | L10: =ROUND(I10*IF($E10="精英",设计基准!$C$7,设计基准!$C$6),0) -> 12 | M10: =ROUND(I10*IF($E10="精英",设计基准!$D$7,设计基准!$D$6),0) -> 18 | N10: =ROUND(H10*IF($E10="精英",设计基准!$E$7,设计基准!$E$6),0) -> 12 | O10: 削弱 → 轻击 → 吸血 → 防御（循环）
A11: corphish | B11: 龙虾小兵 | C11: Water | D11: 2 | E11: 普通 | F11: 硬壳输出 | G11: 156.8 | H11: 50 | I11: 65 | J11: 31 | K11: =ROUND(I11*IF($E11="精英",设计基准!$B$7,设计基准!$B$6),0) -> 10 | L11: =ROUND(I11*IF($E11="精英",设计基准!$C$7,设计基准!$C$6),0) -> 16 | M11: =ROUND(I11*IF($E11="精英",设计基准!$D$7,设计基准!$D$6),0) -> 22 | N11: =ROUND(H11*IF($E11="精英",设计基准!$E$7,设计基准!$E$6),0) -> 11 | O11: 轻击 → 防御强化 → 轻击 → 重击（循环）
A12: charmander | B12: 小火龙 | C12: Fire | D12: 2 | E12: 普通 | F12: 灼烧输出 | G12: 150.4 | H12: 46 | I12: 56 | J12: 30 | K12: =ROUND(I12*IF($E12="精英",设计基准!$B$7,设计基准!$B$6),0) -> 9 | L12: =ROUND(I12*IF($E12="精英",设计基准!$C$7,设计基准!$C$6),0) -> 13 | M12: =ROUND(I12*IF($E12="精英",设计基准!$D$7,设计基准!$D$6),0) -> 19 | N12: =ROUND(H12*IF($E12="精英",设计基准!$E$7,设计基准!$E$6),0) -> 10 | O12: 削弱 → 轻击 → 塞灼烧 → 重击（循环）
A13: slowpoke | B13: 呆呆兽 | C13: Water / Psychic | D13: 2 | E13: 普通 | F13: 超耐久消耗 | G13: 232 | H13: 52 | I13: 52 | J13: 46 | K13: =ROUND(I13*IF($E13="精英",设计基准!$B$7,设计基准!$B$6),0) -> 8 | L13: =ROUND(I13*IF($E13="精英",设计基准!$C$7,设计基准!$C$6),0) -> 12 | M13: =ROUND(I13*IF($E13="精英",设计基准!$D$7,设计基准!$D$6),0) -> 18 | N13: =ROUND(H13*IF($E13="精英",设计基准!$E$7,设计基准!$E$6),0) -> 11 | O13: 轻击 → 削弱 → 治疗防御 → 轻击（循环）
A14: bulbasaur | B14: 妙蛙种子 | C14: Grass / Poison | D14: 2 | E14: 普通 | F14: 均衡消耗 | G14: 160 | H14: 57 | I14: 57 | J14: 32 | K14: =ROUND(I14*IF($E14="精英",设计基准!$B$7,设计基准!$B$6),0) -> 9 | L14: =ROUND(I14*IF($E14="精英",设计基准!$C$7,设计基准!$C$6),0) -> 14 | M14: =ROUND(I14*IF($E14="精英",设计基准!$D$7,设计基准!$D$6),0) -> 19 | N14: =ROUND(H14*IF($E14="精英",设计基准!$E$7,设计基准!$E$6),0) -> 13 | O14: 中毒 → 轻击 → 防御 → 轻击（循环）
A15: chikorita | B15: 菊草叶 | C15: Grass | D15: 2 | E15: 普通 | F15: 纯防御 | G15: 160 | H15: 65 | I15: 49 | J15: 32 | K15: =ROUND(I15*IF($E15="精英",设计基准!$B$7,设计基准!$B$6),0) -> 8 | L15: =ROUND(I15*IF($E15="精英",设计基准!$C$7,设计基准!$C$6),0) -> 12 | M15: =ROUND(I15*IF($E15="精英",设计基准!$D$7,设计基准!$D$6),0) -> 17 | N15: =ROUND(H15*IF($E15="精英",设计基准!$E$7,设计基准!$E$6),0) -> 14 | O15: 防御 → 轻击 → 强化 （循环）
... A17: exeggcute | B17: 蛋蛋 | C17: Grass / Psychic | D17: 2 | E17: 普通 | F17: 干扰控制 | G17: 184 | H17: 62 | I17: 50 | J17: 36 | K17: =ROUND(I17*IF($E17="精英",设计基准!$B$7,设计基准!$B$6),0) -> 8 | L17: =ROUND(I17*IF($E17="精英",设计基准!$C$7,设计基准!$C$6),0) -> 12 | M17: =ROUND(I17*IF($E17="精英",设计基准!$D$7,设计基准!$D$6),0) -> 17 | N17: =ROUND(H17*IF($E17="精英",设计基准!$E$7,设计基准!$E$6),0) -> 14 | O17: 轻击塞牌 → 轻击 → 防御 → 削弱（循环）
A18: farfetchd | B18: 大葱鸭 | C18: Normal / Flying | D18: 2 | E18: 普通 | F18: 高攻强化 | G18: 171.2 | H18: 58 | I18: 74 | J18: 34 | K18: 3 | L18: =ROUND(I18*IF($E18="精英",设计基准!$C$7,设计基准!$C$6),0) -> 18 | M18: =ROUND(I18*IF($E18="精英",设计基准!$D$7,设计基准!$D$6),0) -> 25 | N18: =ROUND(H18*IF($E18="精英",设计基准!$E$7,设计基准!$E$6),0) -> 13 | O18: 第一回合强化，然后 4段轻击 → 重击（循环）
A19: lickitung | B19: 大舌头 | C19: Normal | D19: 2 | E19: 普通 | F19: 控制坦克 | G19: 232 | H19: 75 | I19: 57 | J19: 46 | K19: =ROUND(I19*IF($E19="精英",设计基准!$B$7,设计基准!$B$6),0) -> 9 | L19: =ROUND(I19*IF($E19="精英",设计基准!$C$7,设计基准!$C$6),0) -> 14 | M19: =ROUND(I19*IF($E19="精英",设计基准!$D$7,设计基准!$D$6),0) -> 19 | N19: =ROUND(H19*IF($E19="精英",设计基准!$E$7,设计基准!$E$6),0) -> 17 | O19: 削弱轻击 → 防御 → 削弱 → 轻击（循环）
A20: onix | B20: 大岩蛇 | C20: Rock / Ground | D20: 2 | E20: 普通 | F20: 极限防御 | G20: 144 | H20: 102 | I20: 37 | J20: 28 | K20: =ROUND(I20*IF($E20="精英",设计基准!$B$7,设计基准!$B$6),0) -> 6 | L20: =ROUND(I20*IF($E20="精英",设计基准!$C$7,设计基准!$C$6),0) -> 9 | M20: =ROUND(I20*IF($E20="精英",设计基准!$D$7,设计基准!$D$6),0) -> 13 | N20: =ROUND(H20*IF($E20="精英",设计基准!$E$7,设计基准!$E$6),0) -> 22 | O20: 防御 → 轻击 → 轻击 → 轻击（循环）
A21: butterfree | B21: 巴大蝶 | C21: Bug / Flying | D21: 2 | E21: 普通 | F21: 状态干扰 | G21: 184 | H21: 65 | I21: 67 | J21: 36 | K21: =ROUND(I21*IF($E21="精英",设计基准!$B$7,设计基准!$B$6),0) -> 11 | L21: =ROUND(I21*IF($E21="精英",设计基准!$C$7,设计基准!$C$6),0) -> 16 | M21: =ROUND(I21*IF($E21="精英",设计基准!$D$7,设计基准!$D$6),0) -> 23 | N21: =ROUND(H21*IF($E21="精英",设计基准!$E$7,设计基准!$E$6),0) -> 14 | O21: 塞状态牌 → 轻击 → 削弱 → 轻击（循环）
A22: parasect | B22: 派拉斯特 | C22: Bug / Grass | D22: 2 | E22: 普通 | F22: 吸血输出 | G22: 184 | H22: 80 | I22: 77 | J22: 36 | K22: =ROUND(I22*IF($E22="精英",设计基准!$B$7,设计基准!$B$6),0) -> 12 | L22: =ROUND(I22*IF($E22="精英",设计基准!$C$7,设计基准!$C$6),0) -> 18 | M22: =ROUND(I22*IF($E22="精英",设计基准!$D$7,设计基准!$D$6),0) -> 26 | N22: =ROUND(H22*IF($E22="精英",设计基准!$E$7,设计基准!$E$6),0) -> 18 | O22: 削弱 → 多段轻击 → 吸血 → 重击（循环）
A23: dugtrio | B23: 三地鼠 | C23: Ground | D23: 3 | E23: 普通 | F23: 速攻爆发 | G23: 144 | H23: 60 | I23: 75 | J23: 28 | K23: =ROUND(I23*IF($E23="精英",设计基准!$B$7,设计基准!$B$6),0) -> 12 | L23: =ROUND(I23*IF($E23="精英",设计基准!$C$7,设计基准!$C$6),0) -> 18 | M23: =ROUND(I23*IF($E23="精英",设计基准!$D$7,设计基准!$D$6),0) -> 26 | N23: =ROUND(H23*IF($E23="精英",设计基准!$E$7,设计基准!$E$6),0) -> 13 | O23: 削弱 → 多段轻击 → 轻击 → 重击（循环）
A24: miltank | B24: 大奶罐 | C24: Normal | D24: 3 | E24: 普通 | F24: 治疗坦克 | G24: 240 | H24: 87 | I24: 60 | J24: 48 | K24: =ROUND(I24*IF($E24="精英",设计基准!$B$7,设计基准!$B$6),0) -> 10 | L24: =ROUND(I24*IF($E24="精英",设计基准!$C$7,设计基准!$C$6),0) -> 14 | M24: =ROUND(I24*IF($E24="精英",设计基准!$D$7,设计基准!$D$6),0) -> 20 | N24: =ROUND(H24*IF($E24="精英",设计基准!$E$7,设计基准!$E$6),0) -> 19 | O24: 治疗 → 轻击 → 轻击 → 净化防御（循环）
A25: gengar | B25: 耿鬼 | C25: Ghost / Poison | D25: 3 | E25: 普通 | F25: 高攻脆皮 | G25: 184 | H25: 67 | I25: 97 | J25: 36 | K25: =ROUND(I25*IF($E25="精英",设计基准!$B$7,设计基准!$B$6),0) -> 16 | L25: =ROUND(I25*IF($E25="精英",设计基准!$C$7,设计基准!$C$6),0) -> 23 | M25: =ROUND(I25*IF($E25="精英",设计基准!$D$7,设计基准!$D$6),0) -> 33 | N25: =ROUND(H25*IF($E25="精英",设计基准!$E$7,设计基准!$E$6),0) -> 15 | O25: 塞状态牌 → 削弱 → 轻击 （循环）
A26: heracross | B26: 赫拉克罗斯 | C26: Bug / Fighting | D26: 3 | E26: 普通 | F26: 成长输出 | G26: 216 | H26: 85 | I26: 82 | J26: 43 | K26: =ROUND(I26*IF($E26="精英",设计基准!$B$7,设计基准!$B$6),0) -> 13 | L26: =ROUND(I26*IF($E26="精英",设计基准!$C$7,设计基准!$C$6),0) -> 20 | M26: =ROUND(I26*IF($E26="精英",设计基准!$D$7,设计基准!$D$6),0) -> 28 | N26: =ROUND(H26*IF($E26="精英",设计基准!$E$7,设计基准!$E$6),0) -> 19 | O26: 强化 → 轻击 → 重击（循环）
A27: machamp | B27: 怪力 | C27: Fighting | D27: 3 | E27: 普通 | F27: 基准·成长爆发 | G27: 232 | H27: 82 | I27: 97 | J27: 46 | K27: =ROUND(I27*IF($E27="精英",设计基准!$B$7,设计基准!$B$6),0) -> 16 | L27: =ROUND(I27*IF($E27="精英",设计基准!$C$7,设计基准!$C$6),0) -> 23 | M27: =ROUND(I27*IF($E27="精英",设计基准!$D$7,设计基准!$D$6),0) -> 33 | N27: =ROUND(H27*IF($E27="精英",设计基准!$E$7,设计基准!$E$6),0) -> 18 | O27: 强化 → 2段轻击 （循环）
A28: charizard | B28: 喷火龙 | C28: Fire / Flying | D28: 3 | E28: 精英 | F28: 精英·灼烧成长 | G28: 212.8 | H28: 81 | I28: 96 | J28: 42 | K28: =ROUND(I28*IF($E28="精英",设计基准!$B$7,设计基准!$B$6),0) -> 19 | L28: =ROUND(I28*IF($E28="精英",设计基准!$C$7,设计基准!$C$6),0) -> 29 | M28: =ROUND(I28*IF($E28="精英",设计基准!$D$7,设计基准!$D$6),0) -> 38 | N28: =ROUND(H28*IF($E28="精英",设计基准!$E$7,设计基准!$E$6),0) -> 21 | O28: 防御强化 → 轻击 → 塞灼烧 → 重击；半血后转全攻 | P28: 生命 ≤ 50% 后不再使用龙之舞，改为翅膀攻击 → 火焰旋涡 → 大字爆炎 进入狂暴
A29: zapdos | B29: 闪电鸟 | C29: Electric / Flying | D29: 4 | E29: 精英 | F29: 精英·塞牌压制 | G29: 232 | H29: 87 | I29: 107 | J29: 46 | K29: =ROUND(I29*IF($E29="精英",设计基准!$B$7,设计基准!$B$6),0) -> 21 | L29: =ROUND(I29*IF($E29="精英",设计基准!$C$7,设计基准!$C$6),0) -> 32 | M29: =ROUND(I29*IF($E29="精英",设计基准!$D$7,设计基准!$D$6),0) -> 43 | N29: =ROUND(H29*IF($E29="精英",设计基准!$E$7,设计基准!$E$6),0) -> 23 | O29: 防御强化 → 轻击 → 轻击 → 塞「带电」重击（循环） | P29: 打雷往玩家牌堆塞入「带电」（出牌时对随机敌人造成 8 伤害）—— 出牌越多越痛
A30: metagross | B30: 巨金怪 | C30: Steel / Psychic | D30: 4 | E30: 精英 | F30: 精英·铁壁重击 | G30: 216 | H30: 110 | I30: 115 | J30: 43 | K30: =ROUND(I30*IF($E30="精英",设计基准!$B$7,设计基准!$B$6),0) -> 23 | L30: =ROUND(I30*IF($E30="精英",设计基准!$C$7,设计基准!$C$6),0) -> 35 | M30: =ROUND(I30*IF($E30="精英",设计基准!$D$7,设计基准!$D$6),0) -> 46 | N30: =ROUND(H30*IF($E30="精英",设计基准!$E$7,设计基准!$E$6),0) -> 29 | O30: 防御强化 → 2段轻击 → 重击 （循环） | P30: 攻击 115、防御 110 均为全表最高档；格挡 29 + 3 段攻击 —— 需要固定伤害或穿透
A31: zygarde-50 | B31: 基格尔德 | C31: Dragon / Ground | D31: 4 | E31: 精英 | F31: 精英·多段压制 | G31: 260.8 | H31: 108 | I31: 90 | J31: 52 | K31: =ROUND(I31*IF($E31="精英",设计基准!$B$7,设计基准!$B$6),0) -> 18 | L31: =ROUND(I31*IF($E31="精英",设计基准!$C$7,设计基准!$C$6),0) -> 27 | M31: =ROUND(I31*IF($E31="精英",设计基准!$D$7,设计基准!$D$6),0) -> 36 | N31: =ROUND(H31*IF($E31="精英",设计基准!$E$7,设计基准!$E$6),0) -> 28 | O31: 防御强化 → 1段轻击 → 重击（循环） | P31: 生命 261 + 3 段攻击，对格挡流克制，需要减伤或避闪
A32: ho-oh | B32: 凤王 | C32: Fire / Flying | D32: 4 | E32: 精英 | F32: 精英·复活爆发 | G32: 257.6 | H32: 122 | I32: 120 | J32: 51 | K32: =ROUND(I32*IF($E32="精英",设计基准!$B$7,设计基准!$B$6),0) -> 24 | L32: =ROUND(I32*IF($E32="精英",设计基准!$C$7,设计基准!$C$6),0) -> 36 | M32: =ROUND(I32*IF($E32="精英",设计基准!$D$7,设计基准!$D$6),0) -> 48 | N32: =ROUND(H32*IF($E32="精英",设计基准!$E$7,设计基准!$E$6),0) -> 32 | O32: 防御强化 → 轻击 → 塞灼烧 → 重击；死亡后召唤凤凰蛋
A33: xerneas | B33: 哲尔尼亚斯 | C33: Fairy | D33: 4 | E33: 精英 | F33: 精英·壁垒续航 | G33: 289.6 | H33: 96 | I33: 131 | J33: 57 | K33: =ROUND(I33*IF($E33="精英",设计基准!$B$7,设计基准!$B$6),0) -> 26 | L33: =ROUND(I33*IF($E33="精英",设计基准!$C$7,设计基准!$C$6),0) -> 39 | M33: =ROUND(I33*IF($E33="精英",设计基准!$D$7,设计基准!$D$6),0) -> 52 | N33: =ROUND(H33*IF($E33="精英",设计基准!$E$7,设计基准!$E$6),0) -> 25 | O33: 防御强化 → 轻击 → 吸血 → 重击；格挡回合结束不消失 | P33: 「壁垒」=回合结束时格挡不消失（对应增益表），配合木角吸血构成超长线消耗战
A34: yveltal | B34: 伊裴尔塔尔 | C34: Dark / Flying | D34: 4 | E34: 精英 | F34: 精英·吸血压制 | G34: 289.6 | H34: 96 | I34: 131 | J34: 57 | K34: =ROUND(I34*IF($E34="精英",设计基准!$B$7,设计基准!$B$6),0) -> 26 | L34: =ROUND(I34*IF($E34="精英",设计基准!$C$7,设计基准!$C$6),0) -> 39 | M34: =ROUND(I34*IF($E34="精英",设计基准!$D$7,设计基准!$D$6),0) -> 52 | N34: =ROUND(H34*IF($E34="精英",设计基准!$E$7,设计基准!$E$6),0) -> 25 | O34: 强化 → 削弱轻击 → 吸血 → 塞牌重击；半血后每回合额外施加虚弱 | P34: 生命 ≤ 50% 后每回合开始给玩家 1 层虚弱；与哲尔尼亚斯对称 —— 一个续航、一个压制
A35: ho-oh's egg | B35: 凤凰蛋 | C35: Fire / Flying | D35: 4 | E35: 特殊 | F35: 特殊·倒计时召唤 | G35: 1 | H35: 0 | I35: 0 | J35: 1 | K35: =ROUND(I35*IF($E35="精英",设计基准!$B$7,设计基准!$B$6),0) -> 0 | L35: =ROUND(I35*IF($E35="精英",设计基准!$C$7,设计基准!$C$6),0) -> 0 | M35: =ROUND(I35*IF($E35="精英",设计基准!$D$7,设计基准!$D$6),0) -> 0 | N35: =ROUND(H35*IF($E35="精英",设计基准!$E$7,设计基准!$E$6),0) -> 0 | O35: 待机 2 回合 → 召唤凤王 | P35: 生命 1；只要场上还有其它敌人就无法被选为目标 —— 本质是 2 回合倒计时
A37: 设计自检
A38: 精英重击最低值 | C38: =_xlfn.MINIFS(M4:M35,E4:E35,"精英") -> 36
A39: 普通重击最高值 | C39: =_xlfn.MAXIFS(M4:M35,E4:E35,"普通") -> 33
A40: 精英重击高出普通 | C40: =IF(C38>C39,"✅ 精英重击高于全部普通怪","‼ 不通过") -> ✅ 精英重击高于全部普通怪
A41: 招式检查异常数 | C41: =COUNTIF(招式表!$L$4:$L$181,"‼")+COUNTIF(招式表!$G$4:$G$181,"<1") -> 0
A42: 招式总数 | C42: =COUNTA(招式表!$C$4:$C$181) -> 127

Sheet 招式表
A1: 招式表（一行一个招式；「伤害」与「总伤害」为公式，引自怪物总览）
A3: 译名 | B3: 类别 | C3: 招式 | D3: 意图类型 | E3: 数值档位 | F3: 伤害（每段） | G3: 段数 | H3: 总伤害 | I3: 获得格挡 | J3: 附加效果 | K3: 备注 | L3: 检查
A4: 绿毛虫 | B4: 普通 | C4: 吐丝 | D4: 削弱 | E4: 无 | F4: =0 -> 0 | G4: 1 | H4: =F4*G4 -> 0 | I4: 0 | J4: 玩家获得 1 层虚弱 | L4: =IF(OR(G4<1,I4<0),"\u203c","OK") -> OK
A5: 绿毛虫 | B5: 普通 | C5: 虫咬 | D5: 攻击 | E5: 轻击 | F5: =怪物总览!K4 -> 4 | G5: 1 | H5: =F5*G5 -> 4 | I5: 0 | J5: — | L5: =IF(OR(G5<1,I5<0),"\u203c","OK") -> OK
A6: 绿毛虫 | B6: 普通 | C6: 蜷缩 | D6: 防御 | E6: 无 | F6: =0 -> 0 | G6: 1 | H6: =F6*G6 -> 0 | I6: =怪物总览!N4 -> 6 | J6: — | L6: =IF(OR(G6<1,I6<0),"\u203c","OK") -> OK
A7: 绿毛虫 | B7: 普通 | C7: 撞击 | D7: 攻击 | E7: 中击 | F7: =怪物总览!L4 -> 6 | G7: 1 | H7: =F7*G7 -> 6 | I7: 0 | J7: — | L7: =IF(OR(G7<1,I7<0),"\u203c","OK") -> OK
A8: 甜竹竹 | B8: 普通 | C8: 香甜气息 | D8: 强化 | E8: 无 | F8: =0 -> 0 | G8: 1 | H8: =F8*G8 -> 0 | I8: 0 | J8: 自身 +2 力量 | L8: =IF(OR(G8<1,I8<0),"\u203c","OK") -> OK
A9: 甜竹竹 | B9: 普通 | C9: 撞击 | D9: 攻击 | E9: 轻击 | F9: =怪物总览!K5 -> 5 | G9: 1 | H9: =F9*G9 -> 5 | I9: 0 | J9: — | L9: =IF(OR(G9<1,I9<0),"\u203c","OK") -> OK
A10: 甜竹竹 | B10: 普通 | C10: 光合作用 | D10: 防御 | E10: 无 | F10: =0 -> 0 | G10: 1 | H10: =F10*G10 -> 0 | I10: =怪物总览!N5 -> 8 | J10: — | L10: =IF(OR(G10<1,I10<0),"\u203c","OK") -> OK
A11: 甜竹竹 | B11: 普通 | C11: 飞叶快刀 | D11: 攻击 | E11: 中击 | F11: =怪物总览!L5 -> 7 | G11: 1 | H11: =F11*G11 -> 7 | I11: 0 | J11: — | L11: =IF(OR(G11<1,I11<0),"\u203c","OK") -> OK
A12: 掘掘兔 | B12: 普通 | C12: 泥巴射击 | D12: 削弱+攻击 | E12: 轻击 | F12: =怪物总览!K6 -> 5 | G12: 1 | H12: =F12*G12 -> 5 | I12: 0 | J12: 玩家获得 1 层虚弱 | L12: =IF(OR(G12<1,I12<0),"\u203c","OK") -> OK
A13: 掘掘兔 | B13: 普通 | C13: 挖洞 | D13: 攻击 | E13: 中击 | F13: =怪物总览!L6 -> 8 | G13: 1 | H13: =F13*G13 -> 8 | I13: 0 | J13: — | L13: =IF(OR(G13<1,I13<0),"\u203c","OK") -> OK
A14: 掘掘兔 | B14: 普通 | C14: 掘地 | D14: 防御 | E14: 无 | F14: =0 -> 0 | G14: 1 | H14: =F14*G14 -> 0 | I14: =怪物总览!N6 -> 8 | J14: — | L14: =IF(OR(G14<1,I14<0),"\u203c","OK") -> OK
A15: 掘掘兔 | B15: 普通 | C15: 二连踢 | D15: 多段攻击 | E15: 多段 | F15: =ROUND(怪物总览!L6/G15,0) -> 4 | G15: 2 | H15: =F15*G15 -> 8 | I15: 0 | J15: — | L15: =IF(OR(G15<1,I15<0),"\u203c","OK") -> OK
A16: 咩利羊 | B16: 普通 | C16: 静电 | D16: 强化 | E16: 无 | F16: =0 -> 0 | G16: 1 | H16: =F16*G16 -> 0 | I16: 0 | J16: 自身 +2 力量 | L16: =IF(OR(G16<1,I16<0),"\u203c","OK") -> OK
A17: 咩利羊 | B17: 普通 | C17: 电击 | D17: 攻击 | E17: 轻击 | F17: =怪物总览!K7 -> 8 | G17: 1 | H17: =F17*G17 -> 8 | I17: 0 | J17: — | L17: =IF(OR(G17<1,I17<0),"\u203c","OK") -> OK
A18: 咩利羊 | B18: 普通 | C18: 充电 | D18: 防御 | E18: 无 | F18: =0 -> 0 | G18: 1 | H18: =F18*G18 -> 0 | I18: =怪物总览!N7 -> 9 | J18: — | K18: 充电后下一击会带着强化落下 | L18: =IF(OR(G18<1,I18<0),"\u203c","OK") -> OK
A19: 咩利羊 | B19: 普通 | C19: 电磁炮 | D19: 攻击 | E19: 重击 | F19: =怪物总览!M7 -> 18 | G19: 1 | H19: =F19*G19 -> 18 | I19: 0 | J19: — | L19: =IF(OR(G19<1,I19<0),"\u203c","OK") -> OK
A20: 宝贝龙 | B20: 普通 | C20: 咬住 | D20: 攻击 | E20: 轻击 | F20: =怪物总览!#REF! -> #REF! | G20: 1 | H20: =F20*G20 -> #REF! | I20: 0 | J20: — | L20: =IF(OR(G20<1,I20<0),"\u203c","OK") -> OK
A21: 喇叭芽 | B21: 普通 | C21: 毒粉 | D21: 削弱 | E21: 无 | F21: =0 -> 0 | G21: 1 | H21: =F21*G21 -> 0 | I21: 0 | J21: 玩家获得 2 层中毒 | L21: =IF(OR(G21<1,I21<0),"\u203c","OK") -> OK
A22: 喇叭芽 | B22: 普通 | C22: 藤鞄 | D22: 攻击 | E22: 轻击 | F22: =怪物总览!K8 -> 12 | G22: 1 | H22: =F22*G22 -> 12 | I22: 0 | J22: — | L22: =IF(OR(G22<1,I22<0),"\u203c","OK") -> OK
A23: 喇叭芽 | B23: 普通 | C23: 生长 | D23: 强化 | E23: 无 | F23: =0 -> 0 | G23: 1 | H23: =F23*G23 -> 0 | I23: 0 | J23: 自身 +2 力量 | L23: =IF(OR(G23<1,I23<0),"\u203c","OK") -> OK
A24: 喇叭芽 | B24: 普通 | C24: 咬住 | D24: 攻击 | E24: 中击 | F24: =怪物总览!L8 -> 17 | G24: 1 | H24: =F24*G24 -> 17 | I24: 0 | J24: — | L24: =IF(OR(G24<1,I24<0),"\u203c","OK") -> OK
A25: 小拳石 | B25: 普通 | C25: 变硬 | D25: 防御 | E25: 无 | F25: =0 -> 0 | G25: 1 | H25: =F25*G25 -> 0 | I25: =怪物总览!N9 -> 14 | J25: — | L25: =IF(OR(G25<1,I25<0),"\u203c","OK") -> OK
A26: 小拳石 | B26: 普通 | C26: 撞击 | D26: 攻击 | E26: 轻击 | F26: =怪物总览!K9 -> 9 | G26: 1 | H26: =F26*G26 -> 9 | I26: 0 | J26: — | L26: =IF(OR(G26<1,I26<0),"\u203c","OK") -> OK
A27: 小拳石 | B27: 普通 | C27: 岩石封锁 | D27: 攻击+削弱 | E27: 中击 | F27: =怪物总览!L9 -> 13 | G27: 1 | H27: =F27*G27 -> 13 | I27: 0 | J27: 玩家获得 1 层破绽 | L27: =IF(OR(G27<1,I27<0),"\u203c","OK") -> OK
A28: 小拳石 | B28: 普通 | C28: 自爆 | D28: 攻击 | E28: 重击 | F28: =怪物总览!M9 -> 19 | G28: 1 | H28: =F28*G28 -> 19 | I28: 0 | J28: 自身失去 10 点生命 | K28: 仅在生命 ≤ 30% 时使用 | L28: =IF(OR(G28<1,I28<0),"\u203c","OK") -> OK
A29: 黏黏宝 | B29: 普通 | C29: 黏液 | D29: 削弱 | E29: 无 | F29: =0 -> 0 | G29: 1 | H29: =F29*G29 -> 0 | I29: 0 | J29: 玩家获得 2 层虚弱 | L29: =IF(OR(G29<1,I29<0),"\u203c","OK") -> OK
A30: 黏黏宝 | B30: 普通 | C30: 撞击 | D30: 攻击 | E30: 轻击 | F30: =怪物总览!K10 -> 8 | G30: 1 | H30: =F30*G30 -> 8 | I30: 0 | J30: — | L30: =IF(OR(G30<1,I30<0),"\u203c","OK") -> OK
A31: 黏黏宝 | B31: 普通 | C31: 吸收 | D31: 攻击+吸血 | E31: 中击 | F31: =怪物总览!L10 -> 12 | G31: 1 | H31: =F31*G31 -> 12 | I31: 0 | J31: 自身回复 6 点生命 | L31: =IF(OR(G31<1,I31<0),"\u203c","OK") -> OK
A32: 黏黏宝 | B32: 普通 | C32: 硬化 | D32: 防御 | E32: 无 | F32: =0 -> 0 | G32: 1 | H32: =F32*G32 -> 0 | I32: =怪物总览!N10 -> 12 | J32: — | L32: =IF(OR(G32<1,I32<0),"\u203c","OK") -> OK
A33: 龙虾小兵 | B33: 普通 | C33: 泡沫 | D33: 攻击 | E33: 轻击 | F33: =怪物总览!K11 -> 10 | G33: 1 | H33: =F33*G33 -> 10 | I33: 0 | J33: — | L33: =IF(OR(G33<1,I33<0),"\u203c","OK") -> OK
A34: 龙虾小兵 | B34: 普通 | C34: 硬壳 | D34: 防御+强化 | E34: 无 | F34: =0 -> 0 | G34: 1 | H34: =F34*G34 -> 0 | I34: =怪物总览!N11 -> 11 | J34: 自身 +2 力量 | L34: =IF(OR(G34<1,I34<0),"\u203c","OK") -> OK
A35: 龙虾小兵 | B35: 普通 | C35: 蟹钳锤 | D35: 攻击 | E35: 中击 | F35: =怪物总览!L11 -> 16 | G35: 1 | H35: =F35*G35 -> 16 | I35: 0 | J35: — | L35: =IF(OR(G35<1,I35<0),"\u203c","OK") -> OK
A36: 龙虾小兵 | B36: 普通 | C36: 贝壳刃 | D36: 攻击 | E36: 重击 | F36: =怪物总览!M11 -> 22 | G36: 1 | H36: =F36*G36 -> 22 | I36: 0 | J36: — | L36: =IF(OR(G36<1,I36<0),"\u203c","OK") -> OK
A37: 小火龙 | B37: 普通 | C37: 摇尾巴 | D37: 削弱 | E37: 无 | F37: =0 -> 0 | G37: 1 | H37: =F37*G37 -> 0 | I37: 0 | J37: 玩家获得 1 层破绽 | L37: =IF(OR(G37<1,I37<0),"\u203c","OK") -> OK
A38: 小火龙 | B38: 普通 | C38: 抓 | D38: 攻击 | E38: 轻击 | F38: =怪物总览!K12 -> 9 | G38: 1 | H38: =F38*G38 -> 9 | I38: 0 | J38: — | L38: =IF(OR(G38<1,I38<0),"\u203c","OK") -> OK
A39: 小火龙 | B39: 普通 | C39: 火花 | D39: 攻击+塞牌 | E39: 中击 | F39: =怪物总览!L12 -> 13 | G39: 1 | H39: =F39*G39 -> 13 | I39: 0 | J39: 玩家弃牌堆塞入 1 张「灼烧」 | L39: =IF(OR(G39<1,I39<0),"\u203c","OK") -> OK
A40: 小火龙 | B40: 普通 | C40: 火焰牙 | D40: 攻击 | E40: 重击 | F40: =怪物总览!M12 -> 19 | G40: 1 | H40: =F40*G40 -> 19 | I40: 0 | J40: — | L40: =IF(OR(G40<1,I40<0),"\u203c","OK") -> OK
A41: 呆呆兽 | B41: 普通 | C41: 撞击 | D41: 攻击 | E41: 轻击 | F41: =怪物总览!K13 -> 8 | G41: 1 | H41: =F41*G41 -> 8 | I41: 0 | J41: — | L41: =IF(OR(G41<1,I41<0),"\u203c","OK") -> OK
A42: 呆呆兽 | B42: 普通 | C42: 哈欠 | D42: 削弱 | E42: 无 | F42: =0 -> 0 | G42: 1 | H42: =F42*G42 -> 0 | I42: 0 | J42: 玩家获得 2 层虚弱 | L42: =IF(OR(G42<1,I42<0),"\u203c","OK") -> OK
A43: 呆呆兽 | B43: 普通 | C43: 偷懒 | D43: 治疗+防御 | E43: 无 | F43: =0 -> 0 | G43: 1 | H43: =F43*G43 -> 0 | I43: =怪物总览!N13 -> 11 | J43: 自身回复 8 点生命 | L43: =IF(OR(G43<1,I43<0),"\u203c","OK") -> OK
A44: 呆呆兽 | B44: 普通 | C44: 意念头锤 | D44: 攻击 | E44: 中击 | F44: =怪物总览!L13 -> 12 | G44: 1 | H44: =F44*G44 -> 12 | I44: 0 | J44: — | L44: =IF(OR(G44<1,I44<0),"\u203c","OK") -> OK
A45: 妙蛙种子 | B45: 普通 | C45: 寄生种子 | D45: 削弱 | E45: 无 | F45: =0 -> 0 | G45: 1 | H45: =F45*G45 -> 0 | I45: 0 | J45: 玩家获得 2 层中毒 | L45: =IF(OR(G45<1,I45<0),"\u203c","OK") -> OK
A46: 妙蛙种子 | B46: 普通 | C46: 藤鞄 | D46: 攻击 | E46: 轻击 | F46: =怪物总览!K14 -> 9 | G46: 1 | H46: =F46*G46 -> 9 | I46: 0 | J46: — | L46: =IF(OR(G46<1,I46<0),"\u203c","OK") -> OK
A47: 妙蛙种子 | B47: 普通 | C47: 光合作用 | D47: 防御 | E47: 无 | F47: =0 -> 0 | G47: 1 | H47: =F47*G47 -> 0 | I47: =怪物总览!N14 -> 13 | J47: — | L47: =IF(OR(G47<1,I47<0),"\u203c","OK") -> OK
A48: 妙蛙种子 | B48: 普通 | C48: 飞叶快刀 | D48: 攻击 | E48: 中击 | F48: =怪物总览!L14 -> 14 | G48: 1 | H48: =F48*G48 -> 14 | I48: 0 | J48: — | L48: =IF(OR(G48<1,I48<0),"\u203c","OK") -> OK
A49: 菊草叶 | B49: 普通 | C49: 反射 | D49: 防御 | E49: 无 | F49: =0 -> 0 | G49: 1 | H49: =F49*G49 -> 0 | I49: =怪物总览!N15 -> 14 | J49: — | L49: =IF(OR(G49<1,I49<0),"\u203c","OK") -> OK
A50: 菊草叶 | B50: 普通 | C50: 撞击 | D50: 攻击 | E50: 轻击 | F50: =怪物总览!K15 -> 8 | G50: 1 | H50: =F50*G50 -> 8 | I50: 0 | J50: — | L50: =IF(OR(G50<1,I50<0),"\u203c","OK") -> OK
A51: 菊草叶 | B51: 普通 | C51: 香甜气息 | D51: 强化 | E51: 无 | F51: =0 -> 0 | G51: 1 | H51: =F51*G51 -> 0 | I51: 0 | J51: 自身 +2 力量 | L51: =IF(OR(G51<1,I51<0),"\u203c","OK") -> OK
A52: 菊草叶 | B52: 普通 | C52: 魔法叶 | D52: 攻击 | E52: 中击 | F52: =怪物总览!L15 -> 12 | G52: 1 | H52: =F52*G52 -> 12 | I52: 0 | J52: — | L52: =IF(OR(G52<1,I52<0),"\u203c","OK") -> OK
A53: 石居蟹 | B53: 普通 | C53: 缩壳 | D53: 防御+强化 | E53: 无 | F53: =0 -> 0 | G53: 1 | H53: =F53*G53 -> 0 | I53: =怪物总览!N16 -> 13 | J53: 自身 +2 力量 | L53: =IF(OR(G53<1,I53<0),"\u203c","OK") -> OK
A54: 石居蟹 | B54: 普通 | C54: 夹击 | D54: 攻击 | E54: 轻击 | F54: =怪物总览!K16 -> 8 | G54: 1 | H54: =F54*G54 -> 8 | I54: 0 | J54: — | L54: =IF(OR(G54<1,I54<0),"\u203c","OK") -> OK
A55: 石居蟹 | B55: 普通 | C55: 岩崩 | D55: 攻击 | E55: 中击 | F55: =怪物总览!L16 -> 12 | G55: 1 | H55: =F55*G55 -> 12 | I55: 0 | J55: — | L55: =IF(OR(G55<1,I55<0),"\u203c","OK") -> OK
A56: 石居蟹 | B56: 普通 | C56: 岩石爆击 | D56: 多段攻击 | E56: 多段 | F56: =ROUND(怪物总览!L16/G56,0) -> 4 | G56: 3 | H56: =F56*G56 -> 12 | I56: 0 | J56: — | L56: =IF(OR(G56<1,I56<0),"\u203c","OK") -> OK
A57: 蛋蛋 | B57: 普通 | C57: 念力 | D57: 攻击+塞牌 | E57: 轻击 | F57: =怪物总览!K17 -> 8 | G57: 1 | H57: =F57*G57 -> 8 | I57: 0 | J57: 玩家抽牌堆塞入 1 张「眩晕」 | L57: =IF(OR(G57<1,I57<0),"\u203c","OK") -> OK
A58: 蛋蛋 | B58: 普通 | C58: 种子炸弹 | D58: 攻击 | E58: 中击 | F58: =怪物总览!L17 -> 12 | G58: 1 | H58: =F58*G58 -> 12 | I58: 0 | J58: — | L58: =IF(OR(G58<1,I58<0),"\u203c","OK") -> OK
A59: 蛋蛋 | B59: 普通 | C59: 蛋壳 | D59: 防御+强化 | E59: 无 | F59: =0 -> 0 | G59: 1 | H59: =F59*G59 -> 0 | I59: =怪物总览!N17 -> 14 | J59: 自身 +2 力量 | L59: =IF(OR(G59<1,I59<0),"\u203c","OK") -> OK
A60: 蛋蛋 | B60: 普通 | C60: 催眠术 | D60: 削弱 | E60: 无 | F60: =0 -> 0 | G60: 1 | H60: =F60*G60 -> 0 | I60: 0 | J60: 玩家获得 2 层虚弱 | L60: =IF(OR(G60<1,I60<0),"\u203c","OK") -> OK
A61: 大葱鸭 | B61: 普通 | C61: 剑舞 | D61: 强化 | E61: 无 | F61: =0 -> 0 | G61: 1 | H61: =F61*G61 -> 0 | I61: 0 | J61: 自身 +3 力量 | L61: =IF(OR(G61<1,I61<0),"\u203c","OK") -> OK
A62: 大葱鸭 | B62: 普通 | C62: 劈开 | D62: 攻击 | E62: 轻击 | F62: =怪物总览!K18 -> 3 | G62: 1 | H62: =F62*G62 -> 3 | I62: 0 | J62: — | L62: =IF(OR(G62<1,I62<0),"\u203c","OK") -> OK
A63: 大葱鸭 | B63: 普通 | C63: 燕返 | D63: 多段攻击 | E63: 多段 | F63: =ROUND(怪物总览!L18/G63,0) -> 9 | G63: 2 | H63: =F63*G63 -> 18 | I63: 0 | J63: — | L63: =IF(OR(G63<1,I63<0),"\u203c","OK") -> OK
A64: 大葱鸭 | B64: 普通 | C64: 大葱斩 | D64: 攻击 | E64: 中击 | F64: =怪物总览!L18 -> 18 | G64: 1 | H64: =F64*G64 -> 18 | I64: 0 | J64: — | L64: =IF(OR(G64<1,I64<0),"\u203c","OK") -> OK
A65: 大舌头 | B65: 普通 | C65: 舌舐 | D65: 攻击+削弱 | E65: 轻击 | F65: =怪物总览!K19 -> 9 | G65: 1 | H65: =F65*G65 -> 9 | I65: 0 | J65: 玩家获得 1 层虚弱 | L65: =IF(OR(G65<1,I65<0),"\u203c","OK") -> OK
A66: 大舌头 | B66: 普通 | C66: 卷紧 | D66: 防御 | E66: 无 | F66: =0 -> 0 | G66: 1 | H66: =F66*G66 -> 0 | I66: =怪物总览!N19 -> 17 | J66: — | L66: =IF(OR(G66<1,I66<0),"\u203c","OK") -> OK
A67: 大舌头 | B67: 普通 | C67: 缠绕 | D67: 削弱 | E67: 无 | F67: =0 -> 0 | G67: 1 | H67: =F67*G67 -> 0 | I67: 0 | J67: 玩家获得 2 层虚弱 | L67: =IF(OR(G67<1,I67<0),"\u203c","OK") -> OK
A68: 大舌头 | B68: 普通 | C68: 泰山压顶 | D68: 攻击 | E68: 中击 | F68: =怪物总览!L19 -> 14 | G68: 1 | H68: =F68*G68 -> 14 | I68: 0 | J68: — | L68: =IF(OR(G68<1,I68<0),"\u203c","OK") -> OK
A69: 大岩蛇 | B69: 普通 | C69: 坚硬 | D69: 防御 | E69: 无 | F69: =0 -> 0 | G69: 1 | H69: =F69*G69 -> 0 | I69: =怪物总览!N20 -> 22 | J69: — | L69: =IF(OR(G69<1,I69<0),"\u203c","OK") -> OK
A70: 大岩蛇 | B70: 普通 | C70: 绑紧 | D70: 攻击 | E70: 轻击 | F70: =怪物总览!K20 -> 6 | G70: 1 | H70: =F70*G70 -> 6 | I70: 0 | J70: — | L70: =IF(OR(G70<1,I70<0),"\u203c","OK") -> OK
A71: 大岩蛇 | B71: 普通 | C71: 铁尾 | D71: 攻击 | E71: 中击 | F71: =怪物总览!L20 -> 9 | G71: 1 | H71: =F71*G71 -> 9 | I71: 0 | J71: — | L71: =IF(OR(G71<1,I71<0),"\u203c","OK") -> OK
A72: 大岩蛇 | B72: 普通 | C72: 落石 | D72: 攻击 | E72: 重击 | F72: =怪物总览!M20 -> 13 | G72: 1 | H72: =F72*G72 -> 13 | I72: 0 | J72: — | L72: =IF(OR(G72<1,I72<0),"\u203c","OK") -> OK
A73: 巴大蝶 | B73: 普通 | C73: 睡眠粉 | D73: 塞牌 | E73: 无 | F73: =0 -> 0 | G73: 1 | H73: =F73*G73 -> 0 | I73: 0 | J73: 玩家抽牌堆塞入 2 张「眩晕」 | L73: =IF(OR(G73<1,I73<0),"\u203c","OK") -> OK
A74: 巴大蝶 | B74: 普通 | C74: 念力 | D74: 攻击 | E74: 轻击 | F74: =怪物总览!K21 -> 11 | G74: 1 | H74: =F74*G74 -> 11 | I74: 0 | J74: — | L74: =IF(OR(G74<1,I74<0),"\u203c","OK") -> OK
A75: 巴大蝶 | B75: 普通 | C75: 麻痹粉 | D75: 削弱 | E75: 无 | F75: =0 -> 0 | G75: 1 | H75: =F75*G75 -> 0 | I75: 0 | J75: 玩家获得 1 层虚弱,1层破绽 | L75: =IF(OR(G75<1,I75<0),"\u203c","OK") -> OK
A76: 巴大蝶 | B76: 普通 | C76: 虫鸣 | D76: 攻击 | E76: 中击 | F76: =怪物总览!L21 -> 16 | G76: 1 | H76: =F76*G76 -> 16 | I76: 0 | J76: — | L76: =IF(OR(G76<1,I76<0),"\u203c","OK") -> OK
A77: 派拉斯特 | B77: 普通 | C77: 蘑菇孢子 | D77: 削弱 | E77: 无 | F77: =0 -> 0 | G77: 1 | H77: =F77*G77 -> 0 | I77: 0 | J77: 玩家获得 2 层虚弱 | L77: =IF(OR(G77<1,I77<0),"\u203c","OK") -> OK
A78: 派拉斯特 | B78: 普通 | C78: 连斩 | D78: 多段攻击 | E78: 多段 | F78: =ROUND(怪物总览!L22/G78,0) -> 9 | G78: 2 | H78: =F78*G78 -> 18 | I78: 0 | J78: — | L78: =IF(OR(G78<1,I78<0),"\u203c","OK") -> OK
A79: 派拉斯特 | B79: 普通 | C79: 吸收 | D79: 攻击+吸血 | E79: 轻击 | F79: =怪物总览!K22 -> 12 | G79: 1 | H79: =F79*G79 -> 12 | I79: 0 | J79: 自身回复 8 点生命 | L79: =IF(OR(G79<1,I79<0),"\u203c","OK") -> OK
A80: 派拉斯特 | B80: 普通 | C80: 致命一击 | D80: 攻击 | E80: 重击 | F80: =怪物总览!M22 -> 26 | G80: 1 | H80: =F80*G80 -> 26 | I80: 0 | J80: — | L80: =IF(OR(G80<1,I80<0),"\u203c","OK") -> OK
A81: 三地鼠 | B81: 普通 | C81: 沙暴 | D81: 削弱 | E81: 无 | F81: =0 -> 0 | G81: 1 | H81: =F81*G81 -> 0 | I81: 0 | J81: 玩家获得 2 层虚弱 | L81: =IF(OR(G81<1,I81<0),"\u203c","OK") -> OK
A82: 三地鼠 | B82: 普通 | C82: 三重攻击 | D82: 多段攻击 | E82: 多段 | F82: =ROUND(怪物总览!L23/G82,0) -> 6 | G82: 3 | H82: =F82*G82 -> 18 | I82: 0 | J82: — | L82: =IF(OR(G82<1,I82<0),"\u203c","OK") -> OK
A83: 三地鼠 | B83: 普通 | C83: 挖洞 | D83: 攻击 | E83: 轻击 | F83: =怪物总览!K23 -> 12 | G83: 1 | H83: =F83*G83 -> 12 | I83: 0 | J83: — | L83: =IF(OR(G83<1,I83<0),"\u203c","OK") -> OK
A84: 三地鼠 | B84: 普通 | C84: 地震 | D84: 攻击 | E84: 重击 | F84: =怪物总览!M23 -> 26 | G84: 1 | H84: =F84*G84 -> 26 | I84: 0 | J84: — | L84: =IF(OR(G84<1,I84<0),"\u203c","OK") -> OK
A85: 大奶罐 | B85: 普通 | C85: 喝奶 | D85: 治疗 | E85: 无 | F85: =0 -> 0 | G85: 1 | H85: =F85*G85 -> 0 | I85: 0 | J85: 自身回复 20 点生命 | L85: =IF(OR(G85<1,I85<0),"\u203c","OK") -> OK
A86: 大奶罐 | B86: 普通 | C86: 滚动 | D86: 攻击 | E86: 轻击 | F86: =怪物总览!K24 -> 10 | G86: 1 | H86: =F86*G86 -> 10 | I86: 0 | J86: — | L86: =IF(OR(G86<1,I86<0),"\u203c","OK") -> OK
A87: 大奶罐 | B87: 普通 | C87: 泰山压顶 | D87: 攻击 | E87: 中击 | F87: =怪物总览!L24 -> 14 | G87: 1 | H87: =F87*G87 -> 14 | I87: 0 | J87: — | L87: =IF(OR(G87<1,I87<0),"\u203c","OK") -> OK
A88: 大奶罐 | B88: 普通 | C88: 治愈之铃 | D88: 防御+净化 | E88: 无 | F88: =0 -> 0 | G88: 1 | H88: =F88*G88 -> 0 | I88: =怪物总览!N24 -> 19 | J88: 清除自身所有负面效果 | L88: =IF(OR(G88<1,I88<0),"\u203c","OK") -> OK
A89: 耿鬼 | B89: 普通 | C89: 催眠术 | D89: 塞牌 | E89: 无 | F89: =0 -> 0 | G89: 1 | H89: =F89*G89 -> 0 | I89: 0 | J89: 玩家抽牌堆塞入 2 张「眩晕」 | L89: =IF(OR(G89<1,I89<0),"\u203c","OK") -> OK
A90: 耿鬼 | B90: 普通 | C90: 舌舐 | D90: 攻击+削弱 | E90: 轻击 | F90: =怪物总览!K25 -> 16 | G90: 1 | H90: =F90*G90 -> 16 | I90: 0 | J90: 玩家获得 1 层虚弱 | L90: =IF(OR(G90<1,I90<0),"\u203c","OK") -> OK
A91: 耿鬼 | B91: 普通 | C91: 暗影球 | D91: 攻击 | E91: 中击 | F91: =怪物总览!L25 -> 23 | G91: 1 | H91: =F91*G91 -> 23 | I91: 0 | J91: — | L91: =IF(OR(G91<1,I91<0),"\u203c","OK") -> OK
A92: 耿鬼 | B92: 普通 | C92: 食梦 | D92: 攻击 | E92: 重击 | F92: =怪物总览!M25 -> 33 | G92: 1 | H92: =F92*G92 -> 33 | I92: 0 | J92: — | L92: =IF(OR(G92<1,I92<0),"\u203c","OK") -> OK
A93: 赫拉克罗斯 | B93: 普通 | C93: 剑舞 | D93: 强化 | E93: 无 | F93: =0 -> 0 | G93: 1 | H93: =F93*G93 -> 0 | I93: 0 | J93: 自身 +3 力量 | L93: =IF(OR(G93<1,I93<0),"\u203c","OK") -> OK
A94: 赫拉克罗斯 | B94: 普通 | C94: 角撞 | D94: 攻击 | E94: 轻击 | F94: =怪物总览!K26 -> 13 | G94: 1 | H94: =F94*G94 -> 13 | I94: 0 | J94: — | L94: =IF(OR(G94<1,I94<0),"\u203c","OK") -> OK
A95: 赫拉克罗斯 | B95: 普通 | C95: 猛扑 | D95: 攻击 | E95: 中击 | F95: =怪物总览!L26 -> 20 | G95: 1 | H95: =F95*G95 -> 20 | I95: 0 | J95: — | L95: =IF(OR(G95<1,I95<0),"\u203c","OK") -> OK
A96: 赫拉克罗斯 | B96: 普通 | C96: 超级角击 | D96: 攻击 | E96: 重击 | F96: =怪物总览!M26 -> 28 | G96: 1 | H96: =F96*G96 -> 28 | I96: 0 | J96: — | L96: =IF(OR(G96<1,I96<0),"\u203c","OK") -> OK
A97: 怪力 | B97: 普通 | C97: 健美 | D97: 强化 | E97: 无 | F97: =0 -> 0 | G97: 1 | H97: =F97*G97 -> 0 | I97: 0 | J97: 自身 +3 力量 | L97: =IF(OR(G97<1,I97<0),"\u203c","OK") -> OK
A98: 怪力 | B98: 普通 | C98: 空手劈 | D98: 攻击 | E98: 轻击 | F98: =怪物总览!K27 -> 16 | G98: 1 | H98: =F98*G98 -> 16 | I98: 0 | J98: — | L98: =IF(OR(G98<1,I98<0),"\u203c","OK") -> OK
A99: 怪力 | B99: 普通 | C99: 十字劈 | D99: 多段攻击 | E99: 多段 | F99: =ROUND(怪物总览!L27/G99,0) -> 12 | G99: 2 | H99: =F99*G99 -> 24 | I99: 0 | J99: — | L99: =IF(OR(G99<1,I99<0),"\u203c","OK") -> OK
A100: 怪力 | B100: 普通 | C100: 地球上投 | D100: 攻击 | E100: 重击 | F100: =怪物总览!M27 -> 33 | G100: 1 | H100: =F100*G100 -> 33 | I100: 0 | J100: — | L100: =IF(OR(G100<1,I100<0),"\u203c","OK") -> OK
A101: 喷火龙 | B101: 精英 | C101: 龙之舞 | D101: 防御+强化 | E101: 无 | F101: =0 -> 0 | G101: 1 | H101: =F101*G101 -> 0 | I101: =怪物总览!N28 -> 21 | J101: 自身 +3 力量 | K101: 半血后不再使用 | L101: =IF(OR(G101<1,I101<0),"\u203c","OK") -> OK
...
